Number1,Number2,Number3,Number4,Number5,Number6,Number7,Date
2,11,18,39,51,52,15,5 November 2022
1,6,10,14,16,45,13,2 November 2022
4,11,19,23,32,44,25,29 October 2022
10,14,20,21,33,45,3,26 October 2022
13,18,27,28,29,50,24,22 October 2022
32,35,40,45,46,49,6,19 October 2022
17,19,26,28,31,42,21,15 October 2022
17,23,33,42,44,45,36,12 October 2022
8,20,24,35,44,52,33,8 October 2022
4,9,15,16,39,51,17,5 October 2022
1,8,18,34,42,48,37,1 October 2022
11,19,26,33,36,37,12,28 September 2022
11,13,14,18,40,47,36,24 September 2022
3,12,14,19,35,45,6,21 September 2022
4,12,17,18,19,25,8,17 September 2022
14,18,22,23,37,46,26,14 September 2022
8,9,13,17,33,38,26,10 September 2022
23,24,28,31,42,49,43,7 September 2022
2,4,5,7,13,49,25,3 September 2022
16,18,20,22,29,47,44,31 August 2022
6,16,19,29,37,39,52,27 August 2022
6,8,13,14,17,50,2,24 August 2022
4,37,40,41,45,49,44,20 August 2022
7,11,12,23,45,52,27,17 August 2022
8,16,22,27,33,34,36,13 August 2022
17,20,26,40,47,49,5,10 August 2022
4,8,14,16,24,47,7,6 August 2022
1,8,12,27,51,52,18,3 August 2022
8,15,17,18,38,42,14,30 July 2022
15,24,25,28,34,42,5,27 July 2022
23,27,32,34,35,50,12,23 July 2022
6,12,28,37,43,49,22,20 July 2022
5,14,21,35,40,46,4,16 July 2022
15,20,26,34,46,50,37,13 July 2022
3,11,21,30,39,45,24,9 July 2022
8,16,22,27,28,29,5,6 July 2022
6,22,27,42,47,50,8,2 July 2022
5,14,25,35,44,47,20,29 June 2022
13,17,20,30,41,46,27,25 June 2022
1,16,29,30,32,33,18,22 June 2022
2,20,22,34,49,51,40,18 June 2022
2,5,8,15,25,37,26,15 June 2022
1,3,14,23,26,44,36,11 June 2022
12,25,32,39,45,49,3,8 June 2022
11,29,40,47,48,50,23,4 June 2022
1,7,10,19,28,46,24,1 June 2022
12,16,20,22,47,48,51,28 May 2022
8,23,32,39,47,50,44,25 May 2022
3,19,22,23,33,43,24,21 May 2022
10,19,20,29,41,51,6,18 May 2022
18,20,24,29,39,49,43,14 May 2022
10,17,22,29,35,47,46,11 May 2022
10,15,16,25,29,34,35,7 May 2022
11,26,28,34,39,40,24,4 May 2022
6,28,32,35,36,50,19,30 April 2022
8,10,25,30,31,32,18,27 April 2022
6,10,16,27,28,48,21,23 April 2022
2,7,14,18,23,36,33,20 April 2022
25,31,35,41,46,47,27,16 April 2022
17,20,26,31,45,48,12,13 April 2022
25,27,39,44,45,48,36,9 April 2022
1,2,6,24,30,40,48,6 April 2022
13,14,23,27,39,42,17,2 April 2022
6,14,26,29,30,51,46,30 March 2022
19,25,34,42,44,52,45,26 March 2022
5,8,15,17,32,42,48,23 March 2022
4,6,11,12,16,34,49,19 March 2022
9,14,18,19,26,27,51,16 March 2022
3,20,25,34,47,48,46,12 March 2022
4,21,27,31,39,42,17,9 March 2022
15,23,34,38,44,52,36,5 March 2022
2,22,25,32,39,48,31,2 March 2022
6,12,19,28,39,52,13,26 February 2022
12,15,19,38,42,48,26,23 February 2022
1,7,11,41,42,44,14,19 February 2022
4,19,36,40,44,50,20,16 February 2022
12,27,32,43,45,49,35,12 February 2022
6,13,14,15,27,44,49,9 February 2022
5,9,25,34,37,39,3,5 February 2022
7,9,12,38,46,48,3,2 February 2022
6,15,21,33,34,44,23,29 January 2022
4,24,26,42,45,48,39,26 January 2022
3,6,34,36,37,52,25,22 January 2022
1,8,14,22,29,52,24,19 January 2022
10,26,30,38,48,51,37,15 January 2022
4,6,11,22,46,51,10,12 January 2022
5,12,20,27,30,47,3,8 January 2022
11,13,14,24,42,46,47,5 January 2022
5,31,35,41,42,43,9,1 January 2022
6,9,12,30,38,42,48,29 December 2021
2,5,8,40,46,47,50,22 December 2021
3,7,8,36,49,51,9,18 December 2021
7,10,12,18,30,41,15,15 December 2021
1,19,31,34,43,49,28,11 December 2021
15,19,27,40,43,49,39,8 December 2021
9,20,22,31,35,46,49,4 December 2021
1,29,36,40,42,45,31,1 December 2021
9,10,27,40,47,52,11,27 November 2021
14,18,20,32,39,49,28,24 November 2021
5,9,15,20,28,33,18,20 November 2021
6,7,11,15,24,37,47,17 November 2021
12,16,20,23,27,36,15,13 November 2021
11,12,13,23,49,51,5,10 November 2021
5,17,23,25,34,37,2,6 November 2021
7,10,25,34,39,48,28,3 November 2021
15,16,18,29,34,36,1,30 October 2021
12,31,38,40,44,51,24,27 October 2021
18,21,23,31,47,52,45,23 October 2021
1,6,16,18,19,43,15,20 October 2021
8,10,11,18,34,48,32,16 October 2021
6,22,23,27,32,40,28,13 October 2021
3,7,30,40,41,42,39,9 October 2021
9,16,17,41,43,45,51,6 October 2021
11,14,20,39,43,44,38,2 October 2021
3,7,10,33,42,47,20,29 September 2021
3,11,16,37,48,49,4,25 September 2021
5,28,29,48,50,52,24,22 September 2021
10,12,19,35,43,51,21,18 September 2021
7,9,13,32,33,52,31,15 September 2021
5,10,11,14,18,36,30,11 September 2021
11,18,36,38,43,45,17,8 September 2021
13,14,22,38,41,47,33,4 September 2021
3,4,8,10,11,41,16,1 September 2021
2,8,13,19,28,40,22,28 August 2021
6,12,20,23,24,25,4,25 August 2021
2,3,10,11,42,45,16,21 August 2021
11,19,38,39,40,51,15,18 August 2021
10,14,19,34,36,44,9,14 August 2021
4,6,19,34,38,49,7,11 August 2021
5,12,23,30,35,39,9,7 August 2021
6,12,15,19,39,48,25,4 August 2021
10,16,27,28,45,47,33,31 July 2021
3,15,16,20,28,32,1,28 July 2021
2,9,17,36,46,47,19,24 July 2021
17,29,49,50,51,52,15,21 July 2021
17,23,27,33,35,52,19,17 July 2021
4,13,15,19,31,38,32,14 July 2021
1,10,24,44,45,47,11,10 July 2021
6,17,21,24,37,40,41,7 July 2021
7,12,16,23,36,40,50,3 July 2021
25,27,32,38,43,46,18,30 June 2021
9,18,21,32,42,52,44,26 June 2021
8,18,28,30,37,51,6,23 June 2021
1,10,13,31,33,47,49,19 June 2021
1,7,8,25,35,44,30,16 June 2021
8,36,38,43,47,48,30,12 June 2021
12,13,19,21,44,52,30,9 June 2021
1,8,28,30,32,35,25,5 June 2021
7,15,20,33,38,45,16,2 June 2021
11,20,23,28,34,43,45,29 May 2021
2,18,28,38,46,50,4,26 May 2021
4,22,30,33,42,50,27,22 May 2021
8,10,27,28,37,40,7,19 May 2021
4,27,28,29,35,42,36,15 May 2021
4,18,25,30,32,37,33,12 May 2021
5,8,19,32,35,37,34,8 May 2021
4,8,10,14,19,30,27,5 May 2021
24,26,28,31,36,40,14,1 May 2021
30,34,36,37,39,42,2,28 April 2021
5,7,31,35,36,44,12,24 April 2021
10,18,27,30,34,36,44,21 April 2021
5,7,9,17,32,41,36,17 April 2021
3,7,13,21,34,49,50,14 April 2021
7,18,27,31,45,51,37,10 April 2021
3,15,29,31,38,45,40,7 April 2021
18,29,31,41,45,46,20,3 April 2021
4,14,18,21,22,50,29,31 March 2021
3,10,30,34,40,42,29,27 March 2021
3,22,31,40,42,48,35,24 March 2021
10,21,36,40,44,46,25,20 March 2021
10,13,19,32,38,51,47,17 March 2021
10,19,29,41,46,52,36,13 March 2021
10,24,36,37,38,47,2,10 March 2021
2,15,22,30,34,45,16,6 March 2021
5,9,13,28,30,39,14,3 March 2021
15,18,21,27,39,51,26,27 February 2021
15,21,36,42,49,52,24,24 February 2021
3,12,20,22,31,33,37,20 February 2021
2,23,39,47,49,51,34,17 February 2021
2,7,12,22,37,51,14,13 February 2021
6,17,27,29,30,37,41,10 February 2021
11,15,18,27,28,48,20,6 February 2021
14,20,22,32,38,44,27,3 February 2021
6,12,15,23,27,30,24,30 January 2021
2,14,18,33,45,46,4,27 January 2021
2,10,23,44,47,50,38,23 January 2021
7,15,16,27,39,45,24,20 January 2021
7,20,21,31,39,52,51,16 January 2021
2,6,15,34,37,51,12,13 January 2021
5,10,25,35,38,44,11,9 January 2021
6,8,11,27,41,45,51,6 January 2021
10,11,22,31,36,45,13,2 January 2021
5,10,28,30,32,36,2,30 December 2020
14,18,19,24,31,50,8,26 December 2020
11,26,28,31,44,47,34,23 December 2020
3,19,33,35,49,50,5,19 December 2020
3,4,15,24,28,34,20,16 December 2020
20,27,38,41,42,49,1,12 December 2020
2,8,33,34,37,47,25,9 December 2020
12,13,15,31,33,48,34,5 December 2020
11,22,25,27,35,43,24,2 December 2020
15,21,24,39,45,46,43,28 November 2020
12,16,19,35,38,39,6,25 November 2020
13,40,44,46,48,51,25,21 November 2020
19,22,24,30,38,43,21,18 November 2020
2,3,27,36,42,45,30,14 November 2020
12,17,22,24,43,44,15,11 November 2020
3,15,20,23,34,48,2,7 November 2020
1,12,16,21,42,49,14,4 November 2020
20,24,26,27,38,51,5,31 October 2020
9,17,23,36,48,51,7,28 October 2020
6,10,12,23,28,48,29,24 October 2020
9,13,14,26,28,49,6,21 October 2020
1,24,26,38,41,46,29,17 October 2020
2,6,7,41,47,49,46,14 October 2020
1,10,18,27,34,45,37,10 October 2020
2,8,15,32,49,51,22,7 October 2020
1,14,15,22,33,46,30,3 October 2020
11,18,22,36,42,48,1,30 September 2020
2,5,7,9,21,29,33,26 September 2020
4,26,32,34,37,49,7,23 September 2020
13,18,19,25,47,50,52,19 September 2020
18,24,25,33,39,49,20,16 September 2020
1,7,8,25,34,52,13,12 September 2020
5,19,20,30,40,49,50,9 September 2020
7,10,27,30,42,48,35,5 September 2020
11,12,31,40,43,49,16,2 September 2020
1,11,14,35,44,49,40,29 August 2020
4,7,8,23,39,46,38,26 August 2020
15,20,26,34,45,52,32,22 August 2020
5,15,16,28,31,36,9,19 August 2020
11,12,15,25,39,41,50,15 August 2020
15,19,20,22,35,36,12,12 August 2020
2,8,10,17,48,49,52,8 August 2020
1,23,35,36,39,44,16,5 August 2020
10,20,22,23,37,43,35,1 August 2020
8,12,25,26,27,43,30,29 July 2020
20,27,33,36,46,50,51,25 July 2020
6,29,33,35,47,52,26,22 July 2020
5,18,28,37,45,49,25,18 July 2020
13,17,24,28,31,52,50,15 July 2020
1,21,25,29,33,46,23,11 July 2020
19,21,33,40,42,45,9,8 July 2020
8,22,23,35,38,48,25,4 July 2020
16,24,42,46,47,50,20,1 July 2020
16,27,28,34,35,37,26,27 June 2020
2,3,14,19,47,48,32,24 June 2020
3,10,22,29,38,43,13,20 June 2020
3,5,11,18,20,24,45,17 June 2020
9,11,36,37,43,50,49,13 June 2020
8,22,23,30,39,47,52,10 June 2020
3,11,27,28,48,52,25,6 June 2020
9,23,33,36,43,52,38,3 June 2020
8,11,20,22,45,52,15,30 May 2020
9,17,25,44,48,51,18,27 May 2020
22,35,36,37,38,52,2,23 May 2020
21,26,30,35,43,45,17,20 May 2020
3,6,17,21,30,35,50,16 May 2020
10,18,21,22,30,40,24,13 May 2020
23,26,27,38,42,44,12,9 May 2020
6,7,14,30,40,50,31,6 May 2020
15,24,27,34,45,51,17,2 May 2020
20,30,34,35,42,51,48,29 April 2020
2,10,15,34,40,43,13,25 April 2020
4,10,14,28,34,43,23,22 April 2020
9,18,19,21,26,29,33,18 April 2020
11,27,28,29,33,42,15,15 April 2020
1,9,17,37,49,52,5,11 April 2020
6,26,28,31,38,47,10,8 April 2020
3,13,14,22,45,46,43,4 April 2020
1,4,8,24,32,42,2,1 April 2020
24,25,26,34,39,43,21,28 March 2020
3,12,16,20,21,36,33,25 March 2020
1,12,15,27,46,48,33,21 March 2020
12,15,17,20,42,48,3,18 March 2020
2,5,13,24,35,44,43,14 March 2020
7,15,30,34,43,49,44,11 March 2020
3,10,24,26,28,51,49,7 March 2020
5,13,28,29,43,46,25,4 March 2020
16,19,20,21,25,37,35,29 February 2020
6,17,19,30,39,48,7,26 February 2020
3,4,5,8,15,25,40,22 February 2020
21,25,34,43,50,51,20,19 February 2020
19,24,30,34,45,49,27,15 February 2020
1,5,24,29,34,44,4,12 February 2020
20,26,35,43,44,46,34,8 February 2020
13,15,24,39,45,47,44,5 February 2020
1,7,18,23,24,47,5,1 February 2020
2,16,30,36,46,52,38,29 January 2020
3,7,21,31,38,48,23,25 January 2020
5,12,18,20,28,40,14,22 January 2020
9,11,14,23,37,39,12,18 January 2020
8,12,26,34,45,52,1,15 January 2020
4,7,21,30,36,44,34,11 January 2020
9,19,34,36,46,49,44,8 January 2020
2,6,21,30,31,38,37,4 January 2020
4,11,13,27,30,34,8,1 January 2020
11,14,20,21,30,35,29,28 December 2019
14,26,33,37,44,52,50,21 December 2019
1,2,13,26,41,51,31,18 December 2019
5,10,12,36,43,44,49,14 December 2019
5,19,21,44,45,49,11,11 December 2019
8,14,20,23,28,43,37,7 December 2019
3,4,10,32,39,46,36,4 December 2019
15,28,35,37,38,44,39,30 November 2019
7,18,19,22,23,40,37,27 November 2019
1,15,25,27,34,52,49,23 November 2019
1,9,19,20,32,35,14,20 November 2019
10,12,24,32,36,39,41,16 November 2019
5,15,24,41,45,52,23,13 November 2019
6,8,15,29,41,52,44,9 November 2019
21,26,39,41,45,51,28,6 November 2019
4,8,15,19,28,44,3,2 November 2019
14,19,22,32,40,49,33,30 October 2019
12,16,19,24,31,33,23,26 October 2019
29,30,31,36,45,46,48,23 October 2019
3,9,24,39,48,51,12,19 October 2019
19,24,30,36,43,46,50,16 October 2019
2,10,12,16,17,49,24,12 October 2019
2,20,26,37,39,50,51,9 October 2019
13,14,17,27,33,46,32,5 October 2019
4,30,33,42,43,47,45,2 October 2019
15,30,33,37,38,50,43,28 September 2019
15,16,27,33,42,47,38,25 September 2019
6,8,12,30,44,48,2,21 September 2019
6,15,19,20,26,44,37,18 September 2019
7,8,27,30,38,44,13,14 September 2019
2,8,24,35,45,50,26,11 September 2019
4,7,13,25,29,49,17,7 September 2019
20,25,27,35,46,52,29,4 September 2019
6,25,30,45,49,50,9,31 August 2019
5,10,23,30,37,41,32,28 August 2019
9,11,15,25,30,42,32,24 August 2019
5,11,14,18,21,32,47,21 August 2019
1,16,27,45,46,47,29,17 August 2019
8,14,16,20,21,33,35,14 August 2019
3,13,23,28,39,41,22,10 August 2019
8,12,22,30,36,47,44,7 August 2019
5,28,41,44,45,47,13,3 August 2019
1,7,12,18,21,47,38,31 July 2019
15,19,28,29,33,48,51,27 July 2019
5,18,30,32,44,46,45,24 July 2019
17,24,29,37,47,51,25,20 July 2019
8,15,20,23,25,52,1,17 July 2019
5,10,39,48,49,50,12,13 July 2019
14,17,20,26,28,39,49,10 July 2019
18,20,29,33,34,43,28,6 July 2019
1,6,13,41,47,49,43,3 July 2019
3,16,20,33,34,45,31,29 June 2019
2,5,9,29,33,34,46,26 June 2019
7,9,12,13,29,39,14,22 June 2019
7,10,13,47,49,50,32,19 June 2019
8,20,28,37,41,43,44,15 June 2019
11,16,26,35,39,43,47,12 June 2019
9,10,15,17,33,52,11,8 June 2019
4,6,17,29,35,50,22,5 June 2019
6,7,12,13,15,38,14,1 June 2019
7,22,29,33,35,37,11,29 May 2019
2,20,21,23,32,52,41,25 May 2019
2,9,17,22,37,40,23,22 May 2019
24,28,32,35,37,52,4,18 May 2019
8,16,19,40,46,51,28,15 May 2019
18,20,23,26,41,50,21,11 May 2019
4,15,20,22,37,45,17,8 May 2019
7,8,20,27,37,44,9,4 May 2019
15,19,26,27,39,40,52,1 May 2019
8,27,34,35,37,47,28,27 April 2019
19,20,23,24,27,44,36,24 April 2019
3,13,18,20,34,39,15,20 April 2019
11,19,21,23,25,27,7,17 April 2019
19,22,24,43,49,52,1,13 April 2019
4,11,20,28,35,43,32,10 April 2019
7,11,12,22,27,36,21,6 April 2019
12,18,19,25,28,35,17,3 April 2019
11,23,33,38,40,51,30,30 March 2019
2,14,20,29,42,46,3,27 March 2019
16,24,38,40,50,52,28,23 March 2019
5,19,20,21,34,43,27,20 March 2019
10,23,27,31,41,52,3,16 March 2019
4,23,34,39,40,48,32,13 March 2019
2,8,14,23,35,39,46,9 March 2019
9,16,19,21,29,30,33,6 March 2019
9,15,18,24,31,34,46,2 March 2019
5,7,15,19,20,45,41,27 February 2019
6,9,31,34,46,50,23,23 February 2019
4,25,30,31,43,44,2,20 February 2019
8,14,15,24,31,47,50,16 February 2019
2,15,25,44,47,49,5,13 February 2019
6,12,23,40,42,52,8,9 February 2019
2,23,33,38,49,51,39,6 February 2019
11,30,40,42,44,48,21,2 February 2019
10,13,20,25,36,49,42,30 January 2019
11,18,29,37,46,48,3,26 January 2019
3,11,16,21,42,46,51,23 January 2019
14,19,31,33,35,38,1,19 January 2019
8,11,12,47,50,52,42,16 January 2019
6,20,29,38,39,44,19,12 January 2019
6,26,38,41,43,50,13,9 January 2019
3,9,10,17,21,36,25,5 January 2019
1,8,9,16,25,35,44,2 January 2019
5,8,30,38,51,52,2,29 December 2018
6,9,12,31,36,43,46,26 December 2018
1,14,18,26,38,47,33,22 December 2018
12,30,32,37,50,52,22,19 December 2018
1,8,25,40,46,49,52,15 December 2018
7,8,11,18,20,28,30,12 December 2018
5,19,31,35,42,46,1,8 December 2018
9,25,35,43,44,47,32,5 December 2018
2,18,19,27,47,52,40,1 December 2018
7,19,27,28,37,50,48,28 November 2018
22,27,34,45,48,50,43,24 November 2018
9,19,28,30,31,32,13,21 November 2018
3,5,23,44,48,49,9,17 November 2018
6,9,19,39,46,47,15,14 November 2018
6,11,17,21,49,51,34,10 November 2018
12,16,20,21,26,28,49,7 November 2018
2,24,26,32,47,49,25,3 November 2018
17,24,26,27,35,38,48,31 October 2018
15,17,21,42,51,52,34,27 October 2018
9,11,18,20,34,44,3,24 October 2018
11,27,33,37,46,48,13,20 October 2018
2,20,23,24,33,50,44,17 October 2018
30,31,42,44,47,50,2,13 October 2018
5,8,17,34,49,52,16,10 October 2018
12,19,31,45,48,51,11,6 October 2018
19,23,27,33,35,47,5,3 October 2018
8,18,34,36,40,50,29,29 September 2018
3,8,12,28,47,52,18,26 September 2018
17,24,40,43,48,52,14,22 September 2018
4,13,14,31,32,44,11,19 September 2018
12,23,40,41,44,52,47,15 September 2018
2,18,29,43,49,50,19,12 September 2018
20,26,32,36,44,52,49,8 September 2018
11,14,18,30,31,41,35,5 September 2018
3,5,23,27,34,37,35,1 September 2018
6,13,29,30,46,51,10,29 August 2018
1,26,27,39,41,49,44,25 August 2018
3,10,11,17,37,43,13,22 August 2018
1,3,7,40,42,47,36,18 August 2018
4,27,39,41,49,51,17,15 August 2018
21,23,26,27,28,34,40,11 August 2018
6,13,19,31,36,46,25,8 August 2018
7,11,33,36,38,46,29,4 August 2018
4,13,15,25,34,39,30,1 August 2018
12,15,16,25,26,41,45,28 July 2018
15,27,32,36,39,42,17,25 July 2018
1,9,23,48,50,52,24,21 July 2018
27,28,40,44,45,50,30,18 July 2018
7,28,29,33,47,51,30,14 July 2018
7,14,16,33,48,52,22,11 July 2018
5,12,17,24,41,46,4,7 July 2018
9,14,20,21,30,49,44,4 July 2018
15,22,24,39,43,52,34,30 June 2018
7,27,30,40,45,49,17,27 June 2018
4,8,12,16,31,34,21,23 June 2018
33,37,40,41,44,52,7,20 June 2018
2,6,11,22,25,31,33,16 June 2018
12,16,33,35,39,40,18,13 June 2018
5,7,14,21,26,37,23,9 June 2018
3,12,21,31,34,35,30,6 June 2018
10,11,19,33,37,49,12,2 June 2018
9,10,12,18,27,33,3,30 May 2018
6,8,12,23,27,44,32,26 May 2018
2,17,33,36,40,45,11,23 May 2018
7,12,14,25,47,48,3,19 May 2018
1,4,13,23,27,41,11,16 May 2018
12,26,35,37,44,47,33,12 May 2018
7,23,29,30,31,35,4,9 May 2018
1,14,17,30,33,40,15,5 May 2018
22,25,36,42,43,51,33,2 May 2018
7,20,23,36,41,52,50,28 April 2018
1,18,21,29,34,42,31,25 April 2018
16,19,21,37,39,41,9,21 April 2018
3,10,11,15,28,46,26,18 April 2018
4,7,14,32,33,34,27,14 April 2018
16,30,33,35,39,48,36,11 April 2018
1,2,20,28,44,47,13,7 April 2018
2,4,5,6,13,15,3,4 April 2018
30,40,41,48,50,51,33,31 March 2018
18,27,28,30,45,50,43,28 March 2018
5,21,38,43,49,52,4,24 March 2018
7,9,11,19,21,26,4,21 March 2018
2,5,17,31,46,51,48,17 March 2018
1,4,17,23,48,50,14,14 March 2018
8,24,25,31,36,37,44,10 March 2018
11,12,14,23,34,42,30,7 March 2018
2,13,23,29,32,42,52,3 March 2018
2,13,16,45,50,51,25,28 February 2018
20,34,42,43,47,49,25,24 February 2018
6,15,21,25,42,46,35,21 February 2018
1,5,8,21,29,38,42,17 February 2018
11,14,23,24,26,40,42,14 February 2018
7,12,20,36,43,47,34,10 February 2018
10,14,15,21,38,50,16,7 February 2018
3,13,16,19,40,41,35,3 February 2018
4,13,23,40,41,49,9,31 January 2018
6,10,11,21,32,52,4,27 January 2018
10,11,25,26,31,35,50,24 January 2018
6,9,23,27,31,43,48,20 January 2018
3,7,21,29,46,48,17,17 January 2018
7,10,25,33,44,50,22,13 January 2018
9,19,20,38,42,48,49,10 January 2018
6,14,17,18,38,40,32,6 January 2018
1,4,19,28,33,36,23,3 January 2018
3,11,15,37,38,48,47,30 December 2017
21,22,25,26,41,45,9,27 December 2017
6,17,19,33,34,51,11,23 December 2017
5,29,34,38,39,48,26,20 December 2017
1,2,9,19,28,40,4,16 December 2017
12,24,26,32,42,46,34,13 December 2017
21,30,35,38,39,52,19,9 December 2017
1,12,17,21,38,39,3,6 December 2017
23,29,39,45,46,52,3,2 December 2017
3,25,32,37,39,49,41,29 November 2017
5,15,16,21,24,36,32,25 November 2017
9,23,33,40,45,49,26,22 November 2017
9,17,25,29,35,36,12,18 November 2017
3,6,25,28,37,52,32,15 November 2017
5,12,27,33,44,48,11,11 November 2017
2,8,10,22,29,34,17,8 November 2017
2,7,8,18,19,51,21,4 November 2017
10,28,30,36,38,46,18,1 November 2017
24,27,35,37,40,47,7,28 October 2017
11,12,15,20,32,36,44,25 October 2017
3,17,28,29,31,43,23,21 October 2017
7,8,11,38,42,51,29,18 October 2017
8,17,27,35,36,49,1,14 October 2017
11,19,23,33,37,44,9,11 October 2017
8,22,33,36,42,50,52,7 October 2017
7,22,31,44,47,52,43,4 October 2017
7,14,21,41,47,52,32,30 September 2017
9,11,21,32,41,51,24,27 September 2017
4,5,10,14,35,38,11,23 September 2017
10,12,15,20,26,45,25,20 September 2017
7,11,14,29,45,47,44,16 September 2017
5,16,27,39,41,42,38,13 September 2017
3,26,29,35,40,42,19,9 September 2017
2,34,36,47,48,50,28,6 September 2017
12,19,24,29,38,44,14,2 September 2017
13,21,26,30,33,39,14,30 August 2017
7,11,28,34,37,38,51,26 August 2017
15,23,26,35,36,49,48,23 August 2017
11,14,18,29,30,36,26,19 August 2017
20,27,28,30,33,50,41,16 August 2017
2,8,25,32,47,48,30,12 August 2017
7,24,41,42,48,49,16,9 August 2017
15,29,35,37,42,51,13,5 August 2017
16,20,25,36,38,52,3,2 August 2017
6,22,25,28,29,48,11,29 July 2017
1,11,23,30,35,37,49,26 July 2017
3,8,13,21,40,42,45,22 July 2017
4,14,19,20,35,43,36,19 July 2017
7,11,35,42,45,49,23,15 July 2017
5,9,10,19,42,45,40,12 July 2017
1,12,23,29,34,39,13,8 July 2017
3,11,21,26,27,42,31,5 July 2017
6,8,13,26,34,43,37,1 July 2017
8,11,13,18,27,48,9,28 June 2017
6,8,10,12,27,41,43,24 June 2017
21,32,36,37,40,41,31,21 June 2017
2,17,19,32,42,47,46,17 June 2017
2,4,28,32,43,46,13,14 June 2017
1,13,28,37,41,45,12,10 June 2017
3,9,11,15,21,27,39,7 June 2017
4,9,18,32,43,46,24,3 June 2017
2,4,18,28,33,39,23,31 May 2017
1,23,33,34,36,40,22,27 May 2017
16,26,28,31,44,48,43,24 May 2017
1,10,18,20,31,38,11,20 May 2017
9,11,12,25,37,38,1,17 May 2017
3,30,32,41,44,46,40,13 May 2017
12,29,33,34,38,46,22,10 May 2017
1,20,28,34,37,46,8,6 May 2017
2,13,31,35,43,46,5,3 May 2017
7,8,28,33,34,43,40,29 April 2017
1,5,6,33,36,40,28,26 April 2017
6,22,36,44,48,49,45,22 April 2017
7,8,12,27,35,47,24,19 April 2017
6,15,18,28,35,47,41,15 April 2017
4,8,14,21,37,45,26,12 April 2017
1,13,24,36,41,46,19,8 April 2017
1,6,24,26,34,43,30,5 April 2017
2,12,16,31,34,39,48,1 April 2017
15,18,27,32,36,42,21,29 March 2017
9,19,22,30,38,42,2,25 March 2017
9,17,23,31,34,48,30,22 March 2017
1,9,22,28,46,47,39,18 March 2017
1,4,12,15,34,35,21,15 March 2017
1,2,10,14,25,26,3,11 March 2017
3,8,18,34,37,43,13,8 March 2017
3,8,21,24,27,42,6,4 March 2017
3,5,14,17,24,47,23,1 March 2017
5,17,18,29,44,46,7,25 February 2017
5,27,31,35,42,49,17,22 February 2017
15,23,32,34,38,41,9,18 February 2017
9,28,32,37,38,42,43,15 February 2017
11,13,15,39,44,45,40,11 February 2017
2,7,12,30,31,48,28,8 February 2017
4,10,17,36,44,48,16,4 February 2017
9,12,19,31,39,40,18,1 February 2017
12,21,23,27,37,43,18,28 January 2017
10,20,26,28,29,32,40,25 January 2017
13,16,19,43,46,47,37,21 January 2017
16,27,29,31,33,35,36,18 January 2017
10,13,17,19,20,27,3,14 January 2017
25,30,31,33,38,39,27,11 January 2017
4,10,26,28,31,45,17,7 January 2017
10,16,17,26,32,40,28,4 January 2017
12,15,25,36,37,47,13,31 December 2016
5,8,14,17,33,43,9,28 December 2016
5,15,22,29,44,48,24,24 December 2016
15,17,31,32,36,43,42,21 December 2016
1,3,29,34,36,46,21,17 December 2016
11,14,27,30,40,45,13,14 December 2016
2,7,8,24,27,45,29,10 December 2016
1,7,9,15,25,28,46,7 December 2016
4,16,24,37,41,42,25,3 December 2016
4,11,22,25,38,43,19,30 November 2016
11,14,15,20,22,35,1,26 November 2016
1,6,12,28,33,36,4,23 November 2016
7,12,27,32,35,43,22,19 November 2016
19,20,34,36,41,46,47,16 November 2016
14,22,27,37,48,49,4,12 November 2016
8,10,12,15,26,42,32,9 November 2016
1,18,30,32,35,49,6,5 November 2016
13,21,23,33,35,39,28,2 November 2016
10,11,19,23,28,37,46,29 October 2016
11,17,28,39,45,46,21,26 October 2016
2,3,7,9,19,29,35,22 October 2016
7,23,25,36,41,48,33,19 October 2016
14,22,32,33,37,44,47,15 October 2016
1,9,13,17,23,42,21,12 October 2016
8,9,21,38,39,48,43,8 October 2016
7,15,24,26,33,37,43,5 October 2016
7,12,28,40,46,49,47,1 October 2016
8,11,12,16,30,44,18,28 September 2016
4,23,24,27,29,42,22,24 September 2016
1,4,10,29,31,48,33,21 September 2016
6,9,14,28,32,35,19,17 September 2016
2,4,23,24,33,49,34,14 September 2016
2,6,18,27,31,34,25,10 September 2016
4,7,24,29,40,43,23,7 September 2016
1,5,28,36,38,49,24,3 September 2016
10,16,38,44,45,49,46,31 August 2016
4,17,21,25,31,40,3,27 August 2016
14,22,33,41,42,44,16,24 August 2016
7,10,21,25,27,34,46,20 August 2016
1,8,9,25,26,38,11,17 August 2016
12,15,16,21,25,48,18,13 August 2016
5,33,38,39,43,48,32,10 August 2016
8,11,13,19,48,49,46,6 August 2016
7,18,32,35,38,47,10,3 August 2016
8,25,27,35,39,43,26,30 July 2016
11,17,19,35,42,49,34,27 July 2016
14,17,25,29,33,34,2,23 July 2016
6,8,25,32,33,45,49,20 July 2016
2,7,18,26,29,41,6,16 July 2016
14,27,34,39,43,44,22,13 July 2016
3,5,8,26,29,47,13,9 July 2016
2,9,19,29,32,40,7,6 July 2016
7,8,15,19,33,43,24,2 July 2016
1,22,23,27,37,44,45,29 June 2016
2,13,22,28,43,46,25,25 June 2016
13,17,32,42,43,46,3,22 June 2016
5,6,8,17,30,45,49,18 June 2016
25,27,30,33,48,49,6,15 June 2016
6,11,21,37,39,45,12,11 June 2016
5,8,19,26,39,47,22,8 June 2016
12,23,27,29,32,39,41,4 June 2016
6,11,13,23,25,26,30,1 June 2016
4,7,21,22,24,31,27,28 May 2016
2,30,33,36,38,40,44,25 May 2016
13,18,24,33,35,46,23,21 May 2016
10,19,26,35,39,49,41,18 May 2016
18,22,27,32,36,39,38,14 May 2016
1,11,12,13,27,38,6,11 May 2016
1,11,12,26,28,34,36,7 May 2016
5,11,16,21,22,27,12,4 May 2016
2,5,20,27,29,45,8,30 April 2016
16,28,30,35,36,42,12,27 April 2016
1,4,10,15,24,37,7,23 April 2016
9,11,15,30,40,48,25,20 April 2016
6,10,27,30,41,42,37,16 April 2016
2,14,25,35,38,47,7,13 April 2016
2,4,6,27,31,34,14,9 April 2016
8,12,37,40,42,45,9,6 April 2016
7,13,19,34,39,40,23,2 April 2016
1,22,24,27,39,43,19,30 March 2016
9,10,17,30,43,46,14,26 March 2016
10,11,14,25,28,31,21,23 March 2016
10,19,24,40,46,47,14,19 March 2016
3,9,13,24,31,44,4,16 March 2016
7,15,17,40,45,48,29,12 March 2016
3,9,22,23,32,35,33,9 March 2016
2,6,24,27,32,41,21,5 March 2016
7,10,16,27,29,37,23,2 March 2016
11,17,35,37,39,41,16,27 February 2016
14,17,29,33,35,38,12,24 February 2016
6,9,19,28,36,41,38,20 February 2016
2,8,19,21,28,33,7,17 February 2016
6,13,27,38,39,43,40,13 February 2016
10,16,20,23,27,28,21,10 February 2016
5,8,16,24,36,44,47,6 February 2016
1,7,9,16,30,47,34,3 February 2016
6,15,18,19,33,37,1,30 January 2016
13,14,15,19,22,35,10,27 January 2016
4,8,11,14,40,47,24,23 January 2016
20,29,42,43,44,46,4,20 January 2016
3,7,18,19,39,48,44,16 January 2016
1,6,14,22,27,48,23,13 January 2016
6,7,22,24,28,42,30,9 January 2016
11,33,36,39,40,46,19,6 January 2016
14,22,24,28,31,33,29,2 January 2016
4,6,15,21,35,44,43,30 December 2015
10,14,27,32,33,45,28,26 December 2015
2,6,31,43,45,47,34,23 December 2015
2,10,17,20,34,47,9,19 December 2015
12,22,23,40,42,45,25,16 December 2015
4,9,15,19,22,25,26,12 December 2015
10,28,29,31,33,40,46,9 December 2015
1,23,34,39,44,45,35,5 December 2015
17,21,25,31,32,33,45,2 December 2015
2,5,23,31,32,40,26,28 November 2015
3,8,9,14,21,46,48,25 November 2015
6,15,22,41,43,47,12,21 November 2015
18,26,28,30,32,36,31,18 November 2015
1,8,25,32,34,38,24,14 November 2015
12,17,18,24,30,44,26,11 November 2015
7,11,14,21,40,43,32,7 November 2015
6,17,39,43,45,46,5,4 November 2015
2,3,6,23,31,47,22,31 October 2015
4,11,21,24,25,46,10,28 October 2015
9,26,28,39,41,49,20,24 October 2015
1,14,22,23,40,42,41,21 October 2015
8,25,27,37,42,46,41,17 October 2015
11,15,19,40,41,47,17,14 October 2015
8,9,18,20,27,39,31,10 October 2015
4,9,13,23,30,35,43,7 October 2015
1,10,28,41,48,49,45,3 October 2015
2,22,24,27,29,31,19,30 September 2015
2,10,22,26,42,49,27,26 September 2015
8,26,32,40,42,47,43,23 September 2015
12,16,19,21,32,42,30,19 September 2015
6,12,15,35,44,45,46,16 September 2015
13,18,31,36,42,48,34,12 September 2015
6,15,23,27,31,48,34,9 September 2015
5,7,17,32,40,44,41,5 September 2015
1,24,32,33,34,49,7,2 September 2015
2,10,16,24,42,49,41,29 August 2015
1,23,30,32,46,48,39,26 August 2015
9,25,30,33,46,49,16,22 August 2015
2,8,20,22,26,36,34,19 August 2015
16,28,29,30,31,46,18,15 August 2015
1,3,34,36,37,40,25,12 August 2015
14,21,27,39,44,46,7,8 August 2015
1,24,27,30,41,47,20,5 August 2015
9,22,29,35,36,38,18,1 August 2015
1,10,11,22,45,49,8,29 July 2015
4,6,9,22,24,27,2,25 July 2015
19,32,36,38,40,48,30,22 July 2015
13,17,25,38,42,49,43,18 July 2015
16,20,22,34,37,40,9,15 July 2015
9,11,37,39,42,47,29,11 July 2015
3,4,5,14,33,44,49,8 July 2015
12,20,22,23,31,48,30,4 July 2015
17,18,24,36,37,42,28,1 July 2015
1,2,27,40,41,44,26,27 June 2015
12,25,41,46,47,48,35,24 June 2015
5,15,21,22,30,48,29,20 June 2015
4,8,20,27,41,43,7,17 June 2015
7,9,24,41,44,46,49,13 June 2015
9,11,13,25,30,47,41,10 June 2015
7,8,11,25,27,32,4,6 June 2015
15,25,26,30,41,48,13,3 June 2015
5,10,17,25,26,43,9,30 May 2015
3,22,34,37,41,45,20,27 May 2015
1,9,23,27,30,41,38,23 May 2015
8,10,20,22,28,45,44,20 May 2015
13,24,31,34,40,48,16,16 May 2015
4,16,27,30,42,43,29,13 May 2015
3,7,13,17,20,24,30,9 May 2015
3,28,29,42,45,46,16,6 May 2015
14,17,22,32,36,47,29,2 May 2015
6,12,32,36,37,41,20,29 April 2015
3,6,29,40,44,47,4,25 April 2015
5,18,23,26,29,32,31,22 April 2015
1,2,3,15,18,29,9,18 April 2015
4,8,23,26,27,43,46,15 April 2015
1,6,16,17,18,36,21,11 April 2015
1,5,6,30,39,46,17,8 April 2015
6,23,24,26,38,46,37,4 April 2015
2,6,8,15,25,26,28,1 April 2015
1,28,35,36,37,38,45,28 March 2015
3,10,17,23,27,43,36,25 March 2015
6,10,18,27,38,40,43,21 March 2015
1,2,8,36,44,48,9,18 March 2015
11,20,30,36,39,47,14,14 March 2015
7,19,23,24,32,42,17,11 March 2015
7,15,16,20,37,45,2,7 March 2015
11,18,23,24,25,32,39,4 March 2015
4,18,26,34,40,42,37,28 February 2015
16,19,20,32,36,41,3,25 February 2015
3,10,24,28,35,40,9,21 February 2015
4,5,36,40,44,49,35,18 February 2015
1,4,13,18,35,44,19,14 February 2015
7,11,17,22,26,27,31,11 February 2015
12,15,18,24,31,35,41,7 February 2015
4,7,18,22,35,43,1,4 February 2015
4,9,25,26,28,45,46,31 January 2015
13,16,28,31,32,45,40,28 January 2015
3,16,23,26,39,46,47,24 January 2015
3,5,21,23,28,47,33,21 January 2015
15,27,32,43,46,48,8,17 January 2015
4,14,18,27,35,38,36,14 January 2015
8,14,18,30,45,49,28,10 January 2015
11,32,33,37,40,44,36,7 January 2015
9,22,23,26,37,39,12,3 January 2015
6,10,12,36,42,43,21,31 December 2014
6,15,16,37,38,40,49,27 December 2014
1,4,19,35,38,43,31,24 December 2014
15,20,26,34,44,49,48,20 December 2014
3,5,13,25,40,48,42,17 December 2014
8,26,31,33,44,46,7,13 December 2014
6,13,32,39,40,44,35,10 December 2014
2,11,18,37,42,49,3,6 December 2014
2,7,8,27,33,44,34,3 December 2014
7,9,15,20,21,47,5,29 November 2014
3,4,28,40,47,48,7,26 November 2014
11,13,15,25,41,47,34,22 November 2014
4,14,24,35,36,43,8,19 November 2014
3,5,15,22,27,40,38,15 November 2014
8,20,30,37,41,42,36,12 November 2014
3,5,16,18,30,39,45,8 November 2014
13,25,40,41,43,45,8,5 November 2014
9,11,14,28,41,44,33,1 November 2014
1,11,37,39,40,47,2,29 October 2014
12,15,31,34,42,49,21,25 October 2014
9,15,36,41,45,48,12,22 October 2014
3,4,12,24,39,40,32,18 October 2014
8,12,14,17,34,47,30,15 October 2014
2,8,17,26,30,46,36,11 October 2014
4,10,13,26,28,42,47,8 October 2014
3,16,22,45,46,49,29,4 October 2014
9,14,32,35,44,47,30,1 October 2014
13,17,19,44,45,49,28,27 September 2014
1,6,9,19,30,43,17,24 September 2014
8,14,19,21,30,38,29,20 September 2014
1,9,27,33,39,47,22,17 September 2014
9,12,16,19,40,44,2,13 September 2014
4,14,22,23,36,38,19,10 September 2014
11,13,26,27,33,48,3,6 September 2014
14,21,24,26,31,41,15,3 September 2014
1,15,16,42,44,48,3,30 August 2014
4,10,18,34,38,49,47,27 August 2014
1,12,14,26,30,40,2,23 August 2014
7,12,17,20,24,31,45,20 August 2014
7,13,17,30,41,48,8,16 August 2014
3,9,34,37,46,48,25,13 August 2014
5,9,15,20,37,44,18,9 August 2014
18,20,32,36,41,48,16,6 August 2014
21,24,25,32,43,47,23,2 August 2014
10,15,22,24,38,43,8,30 July 2014
17,30,36,38,40,43,48,26 July 2014
16,21,28,29,40,48,32,23 July 2014
2,3,4,15,27,49,19,19 July 2014
2,13,16,37,41,47,26,16 July 2014
10,15,28,30,38,42,29,12 July 2014
1,21,24,42,45,46,5,9 July 2014
10,15,17,22,23,39,37,5 July 2014
3,13,16,32,37,47,25,2 July 2014
2,6,12,16,27,41,47,28 June 2014
28,31,33,37,45,49,39,25 June 2014
2,8,25,35,43,49,21,21 June 2014
16,31,40,42,43,44,38,18 June 2014
3,9,10,19,26,28,22,14 June 2014
6,15,18,22,34,42,7,11 June 2014
3,8,25,30,38,40,29,7 June 2014
4,24,27,41,42,43,22,4 June 2014
22,36,38,39,40,48,20,31 May 2014
5,6,10,33,46,49,43,28 May 2014
1,26,30,36,41,43,21,24 May 2014
14,15,19,20,25,43,38,21 May 2014
2,8,27,29,40,47,43,17 May 2014
7,28,31,38,40,47,5,14 May 2014
6,16,18,29,37,47,49,10 May 2014
5,21,22,32,45,46,23,7 May 2014
7,9,14,24,38,49,21,3 May 2014
5,8,18,26,33,41,21,30 April 2014
11,17,31,37,42,44,2,26 April 2014
11,12,22,42,45,49,23,23 April 2014
7,13,14,22,23,31,40,19 April 2014
12,22,23,27,37,39,21,16 April 2014
6,7,19,20,25,40,46,12 April 2014
9,12,28,33,44,48,7,9 April 2014
9,20,21,29,39,49,38,5 April 2014
1,3,7,9,10,47,5,2 April 2014
4,6,12,14,21,30,37,29 March 2014
2,6,8,26,40,45,3,26 March 2014
5,14,29,33,34,41,20,22 March 2014
12,18,22,33,36,39,46,19 March 2014
14,24,34,39,46,47,29,15 March 2014
17,18,19,20,33,46,38,12 March 2014
10,16,18,27,39,41,35,8 March 2014
9,20,24,26,35,48,39,5 March 2014
17,20,21,29,39,41,30,1 March 2014
7,9,12,25,26,46,31,26 February 2014
9,13,23,38,45,49,36,22 February 2014
5,38,41,42,43,44,13,19 February 2014
2,4,19,27,42,46,44,15 February 2014
2,24,30,32,39,48,38,12 February 2014
11,15,21,24,32,41,44,8 February 2014
7,16,26,31,36,37,2,5 February 2014
14,23,25,33,38,44,8,1 February 2014
17,22,23,25,26,41,42,29 January 2014
3,17,22,27,46,47,36,25 January 2014
3,16,21,30,37,40,24,22 January 2014
4,5,10,25,30,40,37,18 January 2014
13,14,16,17,32,49,18,15 January 2014
4,5,13,30,44,48,3,11 January 2014
17,18,21,30,44,45,6,8 January 2014
13,14,23,24,30,43,22,4 January 2014
3,11,18,33,34,48,19,1 January 2014
4,5,24,26,40,48,42,28 December 2013
18,22,23,31,39,42,29,21 December 2013
5,6,8,25,34,43,38,18 December 2013
11,12,14,21,34,44,19,14 December 2013
3,5,11,15,32,33,13,12 December 2013
6,17,23,24,29,48,28,7 December 2013
3,6,33,34,39,49,20,4 December 2013
7,8,9,30,37,48,20,30 November 2013
1,11,20,23,36,40,15,27 November 2013
16,37,40,43,44,49,27,23 November 2013
2,15,16,19,23,35,43,20 November 2013
11,13,22,26,35,48,40,16 November 2013
2,3,5,13,20,31,27,13 November 2013
10,20,22,29,32,44,9,9 November 2013
2,18,19,21,26,31,9,6 November 2013
15,23,28,39,41,49,11,2 November 2013
4,13,28,36,44,47,19,30 October 2013
14,22,26,39,46,49,40,26 October 2013
2,5,16,17,20,49,47,23 October 2013
8,11,13,14,44,47,29,19 October 2013
5,9,10,28,37,42,1,16 October 2013
17,25,33,36,42,44,3,12 October 2013
1,2,12,18,21,45,24,9 October 2013
7,10,14,15,22,24,28,5 October 2013
20,21,25,33,36,46,14,2 October 2013
3,6,12,23,38,48,24,28 September 2013
2,4,15,23,34,41,16,25 September 2013
11,15,17,20,28,31,4,21 September 2013
15,16,18,34,39,45,19,18 September 2013
30,36,37,39,40,49,11,14 September 2013
6,13,35,37,47,49,16,11 September 2013
1,11,20,27,31,43,15,7 September 2013
4,8,12,22,23,25,39,4 September 2013
9,23,29,30,31,45,37,31 August 2013
4,23,35,36,41,49,13,28 August 2013
12,20,21,22,28,36,42,24 August 2013
4,12,15,26,44,45,47,21 August 2013
8,15,23,24,32,40,5,17 August 2013
3,24,31,35,36,47,7,14 August 2013
11,15,19,34,43,45,1,10 August 2013
8,16,28,34,37,45,26,7 August 2013
8,11,14,18,24,33,41,3 August 2013
6,13,29,34,40,41,8,31 July 2013
2,4,8,20,28,43,25,26 July 2013
23,27,29,31,34,38,30,24 July 2013
8,11,32,33,34,40,41,20 July 2013
5,24,30,31,32,35,26,17 July 2013
4,7,11,25,29,42,47,13 July 2013
8,11,17,22,40,49,9,10 July 2013
1,6,25,30,34,48,3,6 July 2013
19,20,21,29,43,47,33,3 July 2013
7,23,37,44,48,49,22,29 June 2013
4,14,23,29,31,45,24,26 June 2013
2,7,17,41,42,45,19,22 June 2013
4,5,15,17,33,35,11,19 June 2013
6,9,15,22,34,35,8,15 June 2013
1,5,9,40,45,47,19,12 June 2013
11,21,25,27,30,39,7,8 June 2013
1,9,16,35,39,49,2,5 June 2013
7,12,27,28,39,49,22,1 June 2013
2,23,27,31,45,46,7,29 May 2013
6,16,36,43,45,46,23,25 May 2013
9,10,19,20,22,24,16,22 May 2013
3,6,9,17,43,48,30,18 May 2013
4,13,22,29,34,43,11,15 May 2013
5,6,12,27,28,48,25,11 May 2013
2,3,4,21,26,37,25,8 May 2013
3,9,10,13,28,48,43,4 May 2013
7,8,10,14,15,39,45,1 May 2013
1,7,13,22,30,45,20,27 April 2013
15,19,24,26,31,37,13,24 April 2013
12,19,22,32,41,45,6,20 April 2013
2,3,15,31,34,39,44,17 April 2013
1,2,7,34,35,49,45,13 April 2013
2,10,12,23,24,32,14,10 April 2013
6,13,17,20,39,45,18,6 April 2013
3,12,16,22,29,45,4,3 April 2013
1,18,23,31,32,46,45,30 March 2013
1,2,9,28,29,38,34,27 March 2013
1,16,18,21,34,41,2,23 March 2013
5,9,16,32,35,38,21,20 March 2013
5,11,21,30,40,49,25,16 March 2013
11,13,16,38,44,48,49,13 March 2013
2,13,17,19,29,37,39,9 March 2013
16,25,29,37,39,44,4,6 March 2013
6,31,32,39,45,49,47,2 March 2013
7,26,30,36,43,46,11,27 February 2013
3,19,28,32,37,44,13,23 February 2013
23,34,35,37,38,39,29,20 February 2013
6,26,33,37,39,45,15,16 February 2013
8,18,23,43,45,48,9,13 February 2013
11,15,25,31,35,41,47,9 February 2013
4,13,14,17,30,32,43,6 February 2013
14,18,20,26,40,46,32,2 February 2013
19,30,35,36,37,44,16,30 January 2013
22,28,31,36,45,47,7,26 January 2013
5,7,15,22,36,44,19,23 January 2013
13,18,23,27,32,46,22,19 January 2013
1,11,13,17,28,33,22,16 January 2013
4,5,31,38,42,47,32,12 January 2013
1,9,29,33,40,45,5,9 January 2013
1,6,15,21,27,42,37,5 January 2013
13,19,21,24,35,43,9,2 January 2013
2,3,19,41,43,49,10,29 December 2012
4,17,19,32,39,42,29,26 December 2012
1,9,18,24,25,49,45,22 December 2012
2,14,19,24,41,44,27,19 December 2012
5,28,36,37,40,43,23,15 December 2012
3,5,9,13,40,46,41,12 December 2012
20,28,37,41,45,48,1,8 December 2012
3,8,38,40,44,48,5,5 December 2012
7,14,17,20,24,25,39,1 December 2012
6,21,33,34,35,37,2,28 November 2012
5,13,18,30,42,47,24,24 November 2012
5,18,27,30,33,38,26,21 November 2012
4,10,15,41,42,46,1,17 November 2012
4,6,8,17,27,43,36,14 November 2012
5,7,17,18,31,45,16,10 November 2012
12,15,24,27,35,47,22,7 November 2012
8,26,27,32,33,35,43,3 November 2012
1,3,4,13,14,42,15,31 October 2012
3,16,22,25,40,41,45,27 October 2012
4,11,13,20,22,40,42,24 October 2012
1,6,7,22,33,45,25,20 October 2012
2,3,7,41,43,48,13,17 October 2012
4,5,6,32,36,44,12,13 October 2012
2,3,17,28,40,41,39,10 October 2012
15,24,28,42,44,47,4,6 October 2012
7,8,11,24,36,39,30,3 October 2012
1,6,30,32,40,47,34,29 September 2012
11,16,20,21,31,34,4,26 September 2012
18,30,33,35,42,44,11,22 September 2012
7,25,30,41,45,48,23,19 September 2012
4,9,27,29,34,40,15,15 September 2012
8,10,18,21,27,38,45,12 September 2012
11,19,26,36,45,48,13,8 September 2012
8,10,29,37,42,49,14,5 September 2012
26,27,28,30,44,46,1,1 September 2012
1,3,14,26,31,46,11,29 August 2012
10,14,30,38,45,47,46,25 August 2012
1,10,25,28,44,45,33,22 August 2012
2,3,22,37,40,45,20,18 August 2012
3,7,13,24,28,44,8,15 August 2012
8,11,24,43,47,48,46,11 August 2012
6,18,25,35,41,43,28,8 August 2012
12,13,21,23,36,46,18,4 August 2012
8,15,41,42,43,44,25,1 August 2012
3,13,15,34,35,42,6,28 July 2012
15,29,31,38,43,44,11,25 July 2012
2,5,21,30,38,43,3,21 July 2012
8,24,34,35,36,47,21,18 July 2012
1,11,19,33,34,46,9,14 July 2012
7,18,20,24,43,48,33,11 July 2012
10,16,17,19,24,32,35,7 July 2012
3,5,28,35,38,45,41,4 July 2012
2,19,38,40,42,48,16,30 June 2012
20,23,29,34,44,46,27,27 June 2012
11,12,13,14,24,36,6,23 June 2012
10,11,20,27,37,43,46,20 June 2012
5,17,35,38,40,42,47,16 June 2012
8,11,15,19,27,47,37,13 June 2012
1,5,17,34,44,48,23,9 June 2012
2,9,36,40,42,46,1,6 June 2012
3,10,27,37,40,46,16,2 June 2012
7,15,17,25,41,44,21,30 May 2012
6,15,25,40,42,44,36,26 May 2012
4,13,18,25,38,46,39,23 May 2012
12,15,18,22,28,47,39,19 May 2012
8,10,14,26,30,48,7,16 May 2012
8,11,20,27,37,44,25,12 May 2012
4,12,14,17,40,41,22,9 May 2012
3,7,16,17,25,46,19,5 May 2012
3,6,10,13,29,35,31,2 May 2012
2,3,9,29,42,49,12,28 April 2012
9,11,23,30,42,49,16,25 April 2012
11,13,23,24,33,37,20,21 April 2012
3,5,38,42,47,48,2,18 April 2012
6,23,29,31,39,44,48,14 April 2012
1,2,3,27,30,45,21,11 April 2012
3,16,17,21,24,37,46,7 April 2012
2,4,7,26,30,42,31,4 April 2012
1,11,22,23,29,36,49,31 March 2012
13,27,29,31,43,45,42,28 March 2012
17,23,34,35,36,44,28,24 March 2012
7,10,34,42,45,49,44,21 March 2012
9,12,22,23,25,40,47,17 March 2012
1,2,17,37,41,42,45,14 March 2012
10,21,29,31,41,44,26,10 March 2012
3,4,13,17,37,39,41,7 March 2012
2,5,13,20,38,42,41,3 March 2012
3,4,6,13,39,40,41,29 February 2012
3,6,10,15,27,49,31,25 February 2012
10,21,25,35,46,49,11,22 February 2012
18,22,34,42,45,47,36,18 February 2012
7,21,29,33,35,36,47,15 February 2012
17,19,23,28,30,41,32,11 February 2012
4,8,28,33,38,40,43,8 February 2012
1,28,29,36,37,42,4,4 February 2012
4,9,13,21,35,40,15,1 February 2012
6,12,23,32,34,41,4,28 January 2012
10,29,33,34,36,44,4,25 January 2012
6,8,9,16,28,42,21,21 January 2012
1,4,24,31,39,40,29,18 January 2012
1,21,31,34,37,45,16,14 January 2012
1,4,16,23,36,49,12,11 January 2012
2,7,13,15,32,44,38,7 January 2012
24,37,38,39,43,47,8,4 January 2012
11,16,24,25,28,49,46,31 December 2011
7,11,21,35,36,43,40,28 December 2011
16,18,24,25,35,45,34,24 December 2011
19,20,21,27,46,48,32,21 December 2011
6,16,25,26,27,45,35,17 December 2011
6,16,25,27,30,43,31,14 December 2011
3,12,26,27,44,45,15,10 December 2011
1,6,18,36,41,49,28,7 December 2011
4,16,21,33,45,47,22,3 December 2011
3,25,29,35,44,48,17,30 November 2011
8,16,20,32,39,40,7,26 November 2011
1,10,14,27,30,41,23,23 November 2011
28,39,40,42,45,48,32,19 November 2011
24,32,36,37,42,45,1,16 November 2011
9,11,22,33,46,49,13,12 November 2011
2,8,16,17,28,33,22,9 November 2011
1,7,12,13,17,21,41,5 November 2011
2,3,6,17,28,30,48,2 November 2011
1,3,9,10,25,40,17,29 October 2011
21,28,30,31,44,45,3,26 October 2011
17,20,21,24,25,45,16,22 October 2011
6,8,11,17,31,44,45,19 October 2011
15,18,35,38,39,47,43,15 October 2011
1,7,31,34,37,47,2,12 October 2011
16,18,19,22,24,44,35,8 October 2011
3,19,20,37,39,46,33,5 October 2011
5,9,10,30,42,43,22,1 October 2011
1,6,30,32,38,49,45,28 September 2011
11,14,31,33,41,42,26,24 September 2011
4,13,23,41,46,47,8,21 September 2011
3,10,29,44,47,48,18,17 September 2011
2,25,30,33,39,43,15,14 September 2011
7,11,13,15,17,30,8,10 September 2011
12,18,26,33,41,47,48,7 September 2011
4,10,15,36,41,46,24,3 September 2011
11,18,25,30,33,45,13,31 August 2011
2,9,18,23,29,49,33,27 August 2011
15,19,23,30,36,45,22,24 August 2011
7,9,15,33,35,44,31,20 August 2011
5,12,35,40,42,46,36,17 August 2011
2,4,7,13,33,45,42,13 August 2011
1,3,15,16,33,39,35,10 August 2011
23,26,30,34,41,49,8,6 August 2011
4,9,13,27,33,37,16,3 August 2011
1,14,28,31,35,38,6,30 July 2011
1,3,4,21,40,44,7,27 July 2011
2,18,19,20,23,29,46,23 July 2011
5,21,26,34,37,47,16,20 July 2011
9,11,12,20,30,32,18,16 July 2011
6,19,31,34,37,40,8,13 July 2011
4,5,8,10,16,29,2,9 July 2011
8,13,22,28,35,37,15,6 July 2011
11,22,25,27,45,46,12,2 July 2011
12,13,20,21,39,46,33,29 June 2011
5,15,25,33,40,47,23,25 June 2011
12,22,23,33,34,46,25,22 June 2011
7,17,18,28,31,39,26,18 June 2011
6,11,14,29,32,33,20,15 June 2011
1,4,12,29,44,48,13,11 June 2011
1,9,20,27,29,31,38,8 June 2011
15,18,20,23,30,49,47,4 June 2011
2,24,26,31,37,48,11,1 June 2011
2,3,10,16,28,38,34,28 May 2011
6,11,15,37,44,48,10,25 May 2011
2,26,29,31,34,47,6,21 May 2011
9,21,35,41,45,49,30,18 May 2011
8,9,21,29,37,40,5,14 May 2011
3,22,39,44,46,49,45,11 May 2011
3,14,17,19,31,44,25,7 May 2011
4,7,8,16,19,36,33,4 May 2011
6,16,23,32,38,43,41,30 April 2011
17,23,36,41,46,48,29,27 April 2011
11,14,15,33,36,43,41,23 April 2011
1,3,10,11,23,37,8,20 April 2011
3,29,33,34,39,46,2,16 April 2011
5,7,35,42,43,44,34,13 April 2011
18,21,30,40,41,46,10,9 April 2011
3,6,14,27,45,46,10,6 April 2011
4,15,30,32,43,46,45,2 April 2011
1,2,13,28,42,46,11,30 March 2011
12,13,20,26,34,37,49,26 March 2011
1,12,18,24,36,43,48,23 March 2011
4,6,8,29,37,38,14,19 March 2011
8,13,17,23,31,49,45,16 March 2011
6,26,38,39,47,49,40,12 March 2011
1,2,4,12,19,32,29,9 March 2011
18,20,22,26,39,44,48,5 March 2011
9,19,34,40,41,44,47,2 March 2011
19,24,25,27,38,49,7,26 February 2011
8,19,21,22,25,28,6,23 February 2011
10,14,29,43,44,48,32,19 February 2011
1,6,8,39,44,46,31,16 February 2011
10,17,31,38,40,43,48,12 February 2011
10,13,24,25,29,32,9,9 February 2011
8,14,20,36,39,41,4,5 February 2011
3,4,7,14,16,46,32,2 February 2011
1,3,10,13,21,23,48,29 January 2011
14,26,32,45,46,49,37,26 January 2011
11,25,27,33,35,39,46,22 January 2011
1,14,22,28,33,38,35,19 January 2011
14,21,35,38,39,45,4,15 January 2011
14,21,25,26,30,37,17,12 January 2011
16,24,27,34,43,49,26,8 January 2011
5,7,22,30,37,44,40,5 January 2011
2,5,12,19,40,47,9,1 January 2011
2,12,20,22,27,41,33,29 December 2010
15,18,27,32,42,45,23,22 December 2010
7,15,18,20,40,43,16,18 December 2010
1,9,11,21,22,46,17,15 December 2010
11,12,22,23,29,35,4,11 December 2010
5,6,12,17,23,29,40,8 December 2010
10,33,35,39,42,48,26,4 December 2010
3,8,15,36,44,46,24,1 December 2010
3,9,14,22,27,48,33,27 November 2010
6,7,10,13,22,41,36,24 November 2010
17,23,27,31,32,49,42,20 November 2010
10,16,23,26,32,42,6,17 November 2010
8,9,32,33,47,49,35,13 November 2010
10,23,30,31,35,44,47,10 November 2010
3,7,17,30,40,42,9,6 November 2010
21,34,35,39,44,46,45,3 November 2010
9,22,23,25,28,38,42,30 October 2010
11,17,21,25,29,41,1,27 October 2010
13,21,26,29,37,47,39,23 October 2010
5,9,14,23,27,38,26,20 October 2010
15,16,22,39,45,48,5,16 October 2010
5,17,21,26,27,33,1,13 October 2010
15,17,20,30,36,40,3,9 October 2010
24,33,37,41,43,44,17,6 October 2010
27,28,30,31,34,47,23,2 October 2010
2,12,16,29,34,47,21,29 September 2010
12,18,24,29,35,46,31,25 September 2010
16,26,32,41,44,47,37,22 September 2010
11,23,25,27,46,47,26,18 September 2010
4,11,14,38,45,47,33,15 September 2010
2,23,26,27,32,46,18,11 September 2010
1,7,25,32,42,47,34,8 September 2010
2,10,13,19,23,39,21,4 September 2010
3,8,22,24,41,45,42,1 September 2010
7,14,15,17,37,47,29,28 August 2010
18,23,37,42,44,45,7,25 August 2010
3,9,19,23,39,49,11,21 August 2010
7,12,14,22,35,46,9,18 August 2010
15,22,24,31,33,36,35,14 August 2010
8,18,34,35,38,46,7,11 August 2010
16,17,31,32,42,49,2,7 August 2010
1,29,31,34,35,43,46,4 August 2010
17,20,22,25,46,49,41,31 July 2010
10,11,17,23,27,45,31,28 July 2010
1,7,30,41,43,47,2,24 July 2010
22,24,27,29,47,48,3,21 July 2010
7,18,24,43,44,48,36,17 July 2010
9,20,29,35,41,49,38,14 July 2010
15,25,26,29,35,44,20,10 July 2010
1,11,22,25,26,44,4,7 July 2010
5,6,26,35,42,43,10,3 July 2010
8,9,16,29,36,44,35,30 June 2010
4,20,24,34,35,37,21,26 June 2010
24,26,37,41,46,49,48,23 June 2010
4,21,22,41,43,48,11,19 June 2010
6,13,21,39,45,47,36,16 June 2010
16,21,24,25,39,45,4,12 June 2010
13,14,27,28,42,45,3,9 June 2010
4,5,9,15,26,29,16,5 June 2010
1,15,34,35,43,44,10,2 June 2010
5,10,21,25,34,48,39,29 May 2010
10,21,26,32,36,48,44,26 May 2010
17,21,22,43,47,48,23,22 May 2010
18,20,26,30,40,42,5,19 May 2010
2,8,9,11,17,41,35,15 May 2010
1,3,11,14,26,42,5,12 May 2010
1,8,17,27,30,38,25,8 May 2010
5,27,38,41,46,47,33,5 May 2010
4,10,23,30,40,42,12,1 May 2010
18,31,40,42,44,48,22,28 April 2010
4,5,27,42,48,49,37,24 April 2010
2,12,15,37,41,43,1,21 April 2010
1,2,11,27,28,48,16,17 April 2010
6,8,17,24,45,46,12,14 April 2010
14,16,31,35,41,44,27,10 April 2010
4,6,19,27,35,41,1,7 April 2010
6,23,32,40,42,49,3,3 April 2010
8,23,32,41,44,46,29,31 March 2010
18,20,26,31,45,48,43,27 March 2010
17,29,30,34,36,42,31,24 March 2010
7,10,13,19,30,49,42,20 March 2010
2,17,34,38,39,43,25,17 March 2010
4,7,19,28,35,39,33,13 March 2010
5,18,20,21,23,41,7,10 March 2010
2,16,20,27,30,48,22,6 March 2010
10,15,23,32,43,48,20,3 March 2010
4,14,15,26,31,38,5,27 February 2010
5,9,11,19,20,32,12,24 February 2010
8,23,36,42,43,49,31,20 February 2010
9,18,23,26,40,49,29,17 February 2010
9,24,31,36,45,47,1,13 February 2010
5,13,19,21,23,29,47,10 February 2010
10,16,26,29,33,41,28,6 February 2010
4,6,28,31,38,49,39,3 February 2010
1,4,10,33,36,42,40,30 January 2010
4,26,31,32,40,46,12,27 January 2010
7,16,22,26,29,46,31,23 January 2010
3,10,18,23,28,45,35,20 January 2010
12,28,29,34,43,46,5,16 January 2010
13,25,31,34,47,49,46,13 January 2010
9,10,13,17,42,45,49,9 January 2010
2,6,11,13,18,26,46,6 January 2010
2,11,15,19,28,36,21,2 January 2010
15,26,28,35,36,42,8,30 December 2009
6,8,12,33,39,43,27,26 December 2009
7,24,28,31,40,46,2,23 December 2009
17,18,21,22,40,45,37,19 December 2009
9,10,33,36,40,48,17,16 December 2009
5,7,17,20,26,31,40,12 December 2009
1,19,36,37,41,47,4,9 December 2009
20,21,22,28,41,45,47,5 December 2009
9,17,18,20,32,44,41,2 December 2009
2,20,28,30,43,49,38,28 November 2009
10,12,16,25,30,44,37,25 November 2009
12,20,25,27,33,40,49,21 November 2009
21,25,26,30,39,45,46,18 November 2009
1,18,23,28,30,33,43,14 November 2009
11,15,23,26,29,38,48,11 November 2009
4,14,17,20,21,34,3,7 November 2009
15,16,21,23,27,36,3,4 November 2009
7,12,19,25,40,46,36,31 October 2009
12,14,16,19,22,28,32,28 October 2009
3,10,16,40,47,49,11,24 October 2009
8,20,25,32,34,39,43,21 October 2009
8,15,20,28,31,33,17,17 October 2009
1,2,17,20,24,32,11,14 October 2009
1,16,20,25,27,28,32,10 October 2009
8,15,25,26,31,34,5,7 October 2009
6,9,19,31,39,43,36,3 October 2009
16,19,27,46,47,48,1,30 September 2009
3,25,27,40,48,49,12,26 September 2009
2,3,37,43,45,49,6,23 September 2009
5,10,16,30,37,48,9,19 September 2009
3,21,24,25,36,43,14,16 September 2009
5,9,18,26,32,44,45,12 September 2009
1,21,25,42,44,49,2,9 September 2009
2,8,20,24,39,49,5,5 September 2009
4,8,11,32,37,43,20,2 September 2009
11,18,22,35,39,42,20,29 August 2009
21,22,28,29,32,42,13,26 August 2009
6,9,20,39,45,47,33,22 August 2009
14,20,25,43,45,48,8,19 August 2009
4,7,11,12,27,43,29,15 August 2009
20,23,33,34,37,48,15,12 August 2009
6,7,9,11,20,36,25,8 August 2009
4,5,12,31,44,46,48,5 August 2009
16,31,34,35,42,44,30,1 August 2009
3,9,15,30,39,49,34,29 July 2009
4,10,31,32,33,40,45,25 July 2009
10,25,27,31,34,36,19,22 July 2009
17,31,33,36,40,43,41,18 July 2009
4,25,36,37,40,49,35,15 July 2009
4,7,14,16,19,48,21,11 July 2009
2,5,14,16,19,44,23,8 July 2009
7,11,17,19,20,26,47,4 July 2009
2,11,17,34,35,48,23,1 July 2009
1,4,6,18,29,47,15,27 June 2009
2,3,17,20,27,42,40,24 June 2009
3,17,21,25,38,42,13,20 June 2009
6,13,31,35,39,46,27,17 June 2009
4,19,24,39,43,47,23,13 June 2009
20,26,30,35,42,43,23,10 June 2009
6,9,12,26,30,41,44,6 June 2009
1,17,19,28,34,49,14,3 June 2009
4,11,19,22,37,49,3,30 May 2009
23,35,36,38,44,47,16,27 May 2009
13,16,19,20,22,36,37,23 May 2009
3,12,18,20,21,40,48,20 May 2009
9,12,15,16,36,45,27,16 May 2009
2,10,11,14,31,33,43,13 May 2009
9,21,26,29,39,45,13,9 May 2009
6,15,19,25,28,36,49,6 May 2009
2,10,17,19,29,33,22,2 May 2009
2,30,38,41,43,45,13,29 April 2009
4,17,19,25,28,37,1,25 April 2009
7,11,24,26,35,44,48,22 April 2009
2,20,27,32,38,39,41,18 April 2009
13,28,35,41,43,46,49,15 April 2009
1,15,28,29,32,33,12,11 April 2009
3,7,8,28,31,49,26,8 April 2009
2,12,17,19,26,34,11,4 April 2009
13,19,34,40,48,49,15,1 April 2009
3,6,8,14,22,40,12,28 March 2009
3,9,16,17,42,49,29,25 March 2009
12,15,17,23,27,30,11,21 March 2009
13,22,27,39,47,49,26,18 March 2009
1,5,6,21,28,48,8,14 March 2009
3,9,24,27,37,44,31,11 March 2009
2,26,28,31,36,41,15,7 March 2009
2,19,20,23,29,38,13,4 March 2009
1,29,30,32,33,42,19,28 February 2009
5,16,28,30,33,45,15,25 February 2009
4,6,33,39,45,48,19,21 February 2009
12,14,27,38,43,45,11,18 February 2009
2,3,15,16,18,41,13,14 February 2009
9,21,33,42,47,48,13,11 February 2009
5,12,23,35,36,38,34,7 February 2009
8,23,24,25,37,40,43,4 February 2009
6,11,14,15,24,36,5,31 January 2009
2,17,24,37,40,43,8,28 January 2009
11,14,16,25,36,44,12,24 January 2009
6,11,13,23,30,38,12,21 January 2009
1,22,33,39,44,46,30,17 January 2009
8,11,12,20,38,46,4,14 January 2009
5,9,17,18,20,29,32,10 January 2009
7,17,18,24,27,45,32,7 January 2009
11,20,23,31,32,34,26,3 January 2009
2,23,27,36,41,47,45,31 December 2008
10,22,27,29,33,49,18,27 December 2008
1,13,26,27,36,48,3,24 December 2008
1,8,13,25,31,49,27,20 December 2008
1,12,14,23,29,35,33,17 December 2008
5,15,16,19,21,43,2,13 December 2008
16,21,24,28,40,43,41,10 December 2008
13,15,17,22,33,46,39,6 December 2008
6,14,26,31,32,41,11,3 December 2008
2,4,8,17,18,37,32,29 November 2008
3,15,23,43,44,49,13,26 November 2008
1,13,25,27,35,39,31,22 November 2008
16,17,22,32,41,48,43,19 November 2008
8,11,29,32,40,49,41,15 November 2008
9,29,31,32,47,49,34,12 November 2008
11,15,18,24,40,43,49,8 November 2008
1,6,19,31,33,42,36,5 November 2008
2,13,30,38,42,43,5,1 November 2008
4,10,19,39,46,47,49,29 October 2008
15,16,18,37,42,49,45,25 October 2008
4,24,31,43,44,49,27,22 October 2008
5,36,42,43,44,47,1,18 October 2008
10,12,27,34,39,40,46,15 October 2008
1,6,26,35,38,43,36,11 October 2008
15,18,23,38,42,48,30,8 October 2008
12,18,21,25,40,48,41,4 October 2008
5,6,22,44,47,48,29,1 October 2008
8,14,16,18,29,34,12,27 September 2008
16,27,35,36,43,49,17,24 September 2008
2,4,13,18,32,46,17,20 September 2008
4,17,34,38,41,46,36,17 September 2008
12,18,21,40,42,47,2,13 September 2008
21,22,33,34,46,48,39,10 September 2008
2,19,24,30,35,45,7,6 September 2008
12,17,21,27,28,49,13,3 September 2008
6,10,15,31,32,39,25,30 August 2008
2,9,10,23,24,41,27,27 August 2008
1,5,7,14,16,22,10,23 August 2008
3,23,24,26,32,36,9,20 August 2008
5,12,23,35,36,49,33,16 August 2008
12,20,23,37,39,45,31,13 August 2008
10,11,26,31,32,36,4,9 August 2008
2,15,16,32,38,44,36,6 August 2008
8,19,27,34,39,44,43,2 August 2008
10,22,24,31,43,48,35,30 July 2008
16,21,26,29,35,45,30,26 July 2008
2,4,6,9,26,44,32,23 July 2008
12,14,21,22,31,36,18,19 July 2008
5,19,22,24,42,44,10,16 July 2008
13,15,26,27,35,38,46,12 July 2008
4,6,14,26,33,47,37,9 July 2008
2,30,33,36,44,49,27,5 July 2008
3,4,5,24,45,46,1,2 July 2008
5,15,29,31,32,39,2,28 June 2008
3,7,8,9,27,48,2,25 June 2008
4,23,28,38,45,49,1,21 June 2008
7,16,28,29,33,46,23,18 June 2008
3,14,19,29,40,47,25,14 June 2008
3,23,26,27,35,47,6,11 June 2008
4,7,9,15,20,47,10,7 June 2008
11,19,22,24,44,46,41,4 June 2008
22,24,25,26,31,37,46,31 May 2008
4,5,13,23,38,40,16,28 May 2008
2,5,8,16,42,49,43,24 May 2008
1,13,15,27,28,49,44,21 May 2008
2,4,8,14,22,34,40,17 May 2008
12,16,17,18,34,43,10,14 May 2008
3,5,12,36,37,47,39,10 May 2008
13,37,40,41,44,49,9,7 May 2008
10,26,32,42,44,48,19,3 May 2008
5,11,17,26,39,43,25,30 April 2008
5,8,9,16,34,47,26,26 April 2008
5,11,14,16,22,36,13,23 April 2008
10,14,29,33,36,47,7,19 April 2008
3,32,33,40,45,48,42,16 April 2008
13,15,19,26,38,39,1,12 April 2008
1,11,16,24,37,41,28,9 April 2008
10,13,30,38,46,48,41,5 April 2008
16,22,25,36,43,44,35,2 April 2008
1,10,11,19,27,28,9,29 March 2008
3,5,7,39,44,45,15,26 March 2008
7,14,15,21,33,39,43,22 March 2008
24,25,32,33,38,43,28,19 March 2008
4,9,11,27,30,39,28,15 March 2008
5,9,10,11,24,26,7,12 March 2008
4,6,17,19,26,46,27,8 March 2008
4,7,20,26,34,36,39,5 March 2008
26,32,33,41,45,49,7,1 March 2008
8,10,24,32,40,48,11,27 February 2008
10,13,18,20,33,41,45,23 February 2008
13,14,16,21,37,49,31,20 February 2008
4,6,8,11,41,48,42,16 February 2008
6,18,25,28,40,45,7,13 February 2008
7,10,33,35,37,39,24,9 February 2008
9,14,24,36,46,47,21,6 February 2008
3,4,12,21,34,45,8,2 February 2008
7,17,23,33,42,44,45,30 January 2008
5,24,25,34,35,48,21,26 January 2008
6,15,31,35,40,47,14,23 January 2008
2,4,20,24,26,27,43,19 January 2008
1,21,31,36,37,40,42,16 January 2008
5,14,22,26,34,40,30,12 January 2008
2,14,15,24,27,32,40,9 January 2008
11,17,29,34,41,44,13,5 January 2008
7,11,15,17,42,46,13,2 January 2008
2,4,5,21,23,24,47,29 December 2007
12,16,23,26,39,42,17,26 December 2007
5,9,14,20,21,32,48,22 December 2007
1,12,22,26,30,42,24,19 December 2007
12,14,15,36,40,46,1,15 December 2007
4,14,29,31,33,45,22,12 December 2007
3,10,19,29,43,49,23,8 December 2007
11,14,19,26,47,48,4,5 December 2007
4,10,20,22,35,41,5,1 December 2007
6,13,15,19,30,32,14,28 November 2007
7,9,29,35,42,49,39,24 November 2007
5,25,37,39,40,49,34,21 November 2007
4,21,23,34,42,44,32,17 November 2007
4,9,16,17,32,33,27,14 November 2007
1,14,21,33,34,47,18,10 November 2007
1,6,17,21,33,44,24,7 November 2007
5,15,26,27,43,48,32,3 November 2007
7,9,11,22,38,48,34,31 October 2007
4,5,12,21,44,48,27,27 October 2007
11,17,23,27,38,47,42,24 October 2007
9,28,38,44,47,49,27,20 October 2007
10,13,17,26,27,40,9,17 October 2007
9,10,17,26,38,48,4,13 October 2007
11,13,21,37,41,48,32,31 March 2007
12,25,37,41,42,49,21,28 March 2007
2,4,9,16,37,42,22,24 March 2007
8,9,33,34,36,46,17,21 March 2007
9,22,32,33,37,41,19,17 March 2007
2,7,15,23,39,47,16,14 March 2007
11,29,30,34,35,44,48,10 March 2007
12,15,17,18,34,42,41,7 March 2007
1,5,7,19,35,49,2,3 March 2007
11,17,19,27,38,40,22,28 February 2007
15,18,23,28,40,44,39,24 February 2007
1,2,27,33,42,48,11,21 February 2007
17,18,38,41,44,47,6,17 February 2007
6,8,10,15,18,21,27,14 February 2007
1,16,19,24,30,42,29,10 February 2007
1,3,11,13,22,43,33,7 February 2007
18,20,25,26,32,40,29,3 February 2007
2,6,24,25,30,42,44,31 January 2007
4,8,27,30,43,48,46,27 January 2007
3,8,17,25,43,47,35,24 January 2007
1,14,25,29,33,38,5,20 January 2007
9,29,30,32,44,48,2,17 January 2007
9,14,15,25,35,46,2,13 January 2007
12,20,21,27,32,43,40,10 January 2007
8,24,27,37,42,47,31,6 January 2007
2,19,26,28,32,45,44,3 January 2007
7,39,40,41,42,46,36,30 December 2006
7,13,27,28,35,48,10,27 December 2006
15,19,26,35,41,47,32,23 December 2006
1,9,14,16,37,49,20,20 December 2006
1,2,19,36,42,44,39,16 December 2006
1,14,17,35,43,45,47,13 December 2006
5,6,22,23,32,37,29,9 December 2006
17,23,31,35,37,45,13,6 December 2006
5,22,31,36,43,48,38,2 December 2006
20,27,35,40,45,48,7,29 November 2006
8,13,20,23,33,47,19,25 November 2006
3,4,19,22,39,45,6,22 November 2006
1,5,7,13,18,34,49,18 November 2006
11,26,31,37,41,46,9,15 November 2006
5,22,23,33,38,41,35,11 November 2006
2,4,20,22,30,34,48,8 November 2006
8,18,20,32,43,49,42,4 November 2006
5,21,27,36,38,41,9,1 November 2006
13,14,21,27,29,49,3,28 October 2006
13,23,31,32,40,45,26,25 October 2006
6,19,20,43,47,48,2,21 October 2006
2,10,25,26,31,42,3,18 October 2006
5,8,23,40,43,45,47,14 October 2006
3,26,32,35,41,45,16,11 October 2006
13,26,33,35,44,48,36,7 October 2006
3,5,9,19,23,39,27,4 October 2006
7,13,16,17,32,36,9,30 September 2006
7,15,28,40,44,46,34,27 September 2006
2,9,15,26,41,44,22,23 September 2006
6,8,12,33,35,42,23,20 September 2006
5,17,18,21,30,49,42,16 September 2006
8,24,27,29,38,45,34,13 September 2006
3,6,12,23,39,42,27,9 September 2006
1,19,25,29,31,33,38,6 September 2006
2,18,27,32,37,49,14,2 September 2006
19,25,26,37,40,49,15,30 August 2006
1,3,12,13,20,35,6,26 August 2006
4,17,21,36,39,44,2,23 August 2006
4,11,15,23,39,48,5,19 August 2006
3,6,11,29,30,31,43,16 August 2006
2,16,19,26,32,40,29,12 August 2006
8,15,32,46,48,49,6,9 August 2006
8,9,17,29,46,48,23,5 August 2006
5,12,22,34,42,43,9,2 August 2006
1,12,17,18,35,47,13,29 July 2006
21,22,24,37,41,49,12,26 July 2006
12,17,31,39,48,49,13,22 July 2006
4,20,22,29,33,36,31,19 July 2006
4,19,23,30,31,44,13,15 July 2006
7,25,29,31,41,47,24,12 July 2006
5,11,18,31,33,40,4,8 July 2006
1,8,10,26,38,43,5,5 July 2006
1,14,15,34,41,47,3,1 July 2006
13,20,22,33,44,49,17,28 June 2006
3,15,21,24,40,46,39,24 June 2006
5,13,21,35,39,46,37,21 June 2006
6,7,13,20,24,45,19,17 June 2006
4,6,8,32,36,46,11,14 June 2006
3,7,22,30,32,45,25,10 June 2006
17,19,27,29,36,44,5,7 June 2006
2,5,7,10,20,36,41,3 June 2006
10,20,27,32,40,49,19,31 May 2006
3,11,18,20,25,29,33,27 May 2006
1,3,9,19,33,36,2,24 May 2006
4,6,11,14,33,49,15,20 May 2006
6,19,22,24,41,44,12,17 May 2006
7,19,38,41,42,45,14,13 May 2006
6,12,29,31,43,47,4,10 May 2006
9,23,36,42,45,48,30,6 May 2006
3,6,14,19,37,48,11,3 May 2006
2,11,17,29,40,44,16,29 April 2006
6,8,12,42,44,45,34,26 April 2006
2,4,16,31,33,40,17,22 April 2006
4,5,10,26,37,49,22,19 April 2006
2,8,31,39,42,48,1,15 April 2006
7,13,22,23,28,36,9,12 April 2006
1,4,14,22,29,46,42,8 April 2006
4,5,13,24,43,47,44,5 April 2006
2,8,23,43,47,48,19,1 April 2006
10,15,19,21,35,46,9,29 March 2006
16,17,25,29,35,38,4,25 March 2006
8,10,12,17,29,40,21,22 March 2006
2,11,15,20,22,48,1,18 March 2006
1,22,27,31,33,43,10,15 March 2006
7,8,12,14,34,47,35,11 March 2006
11,22,30,40,42,49,44,8 March 2006
4,21,22,25,26,36,23,4 March 2006
21,24,25,26,32,49,42,1 March 2006
1,9,11,23,27,40,14,25 February 2006
8,17,26,36,37,41,48,22 February 2006
12,13,35,46,47,49,28,18 February 2006
11,21,24,30,34,48,28,15 February 2006
9,10,28,32,34,46,1,11 February 2006
7,15,17,20,21,42,32,8 February 2006
8,11,31,35,40,43,44,4 February 2006
5,8,27,33,34,37,22,1 February 2006
4,10,16,24,29,43,46,28 January 2006
18,21,30,37,40,45,13,25 January 2006
13,23,24,31,32,48,11,21 January 2006
15,19,34,35,38,40,45,18 January 2006
2,5,6,25,44,47,31,14 January 2006
16,17,25,34,36,45,29,11 January 2006
22,25,43,44,46,47,30,7 January 2006
8,13,29,39,43,45,35,4 January 2006
8,14,27,30,40,48,45,31 December 2005
9,22,26,28,35,39,23,28 December 2005
1,7,10,29,38,47,2,24 December 2005
11,15,17,21,24,28,3,21 December 2005
15,30,31,32,41,42,2,17 December 2005
5,13,21,30,43,48,19,14 December 2005
20,24,31,33,38,44,22,10 December 2005
3,13,22,28,41,46,5,7 December 2005
15,16,17,18,29,46,40,3 December 2005
4,8,13,28,29,37,12,30 November 2005
4,7,14,23,42,49,9,26 November 2005
2,4,11,16,21,29,6,23 November 2005
4,9,17,18,30,47,34,19 November 2005
20,26,31,32,37,49,22,16 November 2005
12,19,33,40,41,46,26,12 November 2005
10,14,18,21,31,44,32,9 November 2005
1,24,28,46,47,49,3,5 November 2005
14,15,17,26,30,41,2,2 November 2005
2,16,29,31,32,44,18,29 October 2005
5,14,15,19,22,27,46,26 October 2005
8,24,25,26,29,48,21,22 October 2005
9,13,27,31,36,44,41,19 October 2005
11,12,13,17,24,41,35,15 October 2005
1,11,15,28,41,47,5,12 October 2005
9,21,30,33,38,44,45,8 October 2005
8,12,29,37,43,47,30,5 October 2005
5,7,12,32,40,44,35,1 October 2005
18,24,29,32,44,45,28,28 September 2005
1,4,20,24,28,40,5,24 September 2005
2,12,21,22,34,43,7,21 September 2005
5,11,22,30,35,39,17,17 September 2005
1,5,12,13,39,47,44,14 September 2005
3,8,14,38,43,44,30,10 September 2005
2,4,11,16,26,48,49,7 September 2005
14,21,29,34,36,48,41,3 September 2005
2,7,12,20,21,49,24,31 August 2005
2,5,17,37,44,47,21,27 August 2005
2,13,31,32,39,46,36,24 August 2005
1,20,29,30,33,42,12,20 August 2005
1,8,9,11,42,47,36,17 August 2005
11,29,31,36,39,49,1,13 August 2005
1,6,16,31,42,49,17,10 August 2005
6,11,17,22,44,45,36,6 August 2005
1,25,35,42,43,47,34,3 August 2005
3,5,30,31,35,47,46,30 July 2005
4,9,20,29,34,42,21,27 July 2005
9,18,19,21,22,39,41,23 July 2005
16,18,24,36,37,41,2,20 July 2005
2,13,25,34,37,45,18,16 July 2005
2,8,9,13,37,49,5,13 July 2005
13,14,19,26,38,45,16,9 July 2005
8,16,17,31,36,45,2,6 July 2005
11,13,14,15,38,43,22,2 July 2005
9,13,15,21,28,40,38,29 June 2005
8,31,32,36,40,47,35,25 June 2005
4,14,16,29,33,48,39,22 June 2005
1,4,11,13,37,39,38,18 June 2005
2,17,42,46,48,49,4,15 June 2005
8,13,32,36,38,48,43,11 June 2005
1,3,4,22,36,38,48,8 June 2005
11,12,14,24,28,31,35,4 June 2005
11,16,18,19,23,40,36,1 June 2005
4,11,15,18,31,36,9,28 May 2005
11,20,26,30,33,38,39,25 May 2005
4,6,14,15,17,25,10,21 May 2005
2,23,29,37,45,48,24,18 May 2005
12,13,22,24,26,37,33,14 May 2005
5,7,28,31,34,41,29,11 May 2005
13,24,31,40,42,47,8,7 May 2005
4,7,8,10,29,48,3,4 May 2005
7,10,19,28,33,43,30,30 April 2005
7,27,32,40,41,42,20,27 April 2005
4,9,10,17,25,32,6,23 April 2005
3,8,15,17,21,22,35,20 April 2005
1,2,3,11,23,42,48,16 April 2005
5,9,11,18,41,43,3,13 April 2005
11,15,20,26,35,40,2,9 April 2005
7,14,16,23,38,45,10,6 April 2005
12,20,24,26,31,39,21,2 April 2005
6,7,19,23,34,35,10,30 March 2005
2,7,23,24,28,47,41,26 March 2005
10,17,19,26,30,49,35,23 March 2005
13,33,35,36,37,41,18,19 March 2005
9,30,31,43,45,47,44,16 March 2005
3,7,20,21,25,33,17,12 March 2005
4,12,19,21,29,40,6,9 March 2005
12,17,24,34,40,49,14,5 March 2005
7,9,19,24,26,39,36,2 March 2005
2,20,23,29,30,34,26,26 February 2005
7,8,9,33,35,37,1,23 February 2005
10,14,28,29,40,48,26,19 February 2005
13,22,31,32,43,47,49,16 February 2005
1,15,16,36,46,47,13,12 February 2005
2,8,12,15,26,39,3,9 February 2005
30,34,37,39,45,47,18,5 February 2005
11,19,21,33,44,47,43,2 February 2005
2,3,17,43,47,48,4,29 January 2005
5,14,16,18,35,47,13,26 January 2005
16,18,26,27,41,48,33,22 January 2005
5,20,22,31,33,40,48,19 January 2005
8,13,25,29,30,48,38,15 January 2005
9,12,17,18,39,44,42,12 January 2005
5,11,16,18,37,41,26,8 January 2005
7,15,17,22,27,48,41,5 January 2005
10,17,24,31,32,33,36,31 December 2004
17,21,31,43,44,49,32,29 December 2004
6,15,30,31,37,46,40,24 December 2004
6,22,29,33,36,44,10,22 December 2004
6,9,23,34,47,49,5,18 December 2004
5,21,22,33,43,45,1,15 December 2004
18,21,22,32,35,39,11,11 December 2004
3,10,21,25,31,42,43,8 December 2004
1,14,23,26,31,32,7,4 December 2004
17,22,28,31,38,41,1,1 December 2004
10,13,32,41,45,49,24,27 November 2004
4,9,11,17,20,45,33,24 November 2004
1,23,37,42,43,47,14,20 November 2004
4,8,9,18,31,45,5,17 November 2004
2,8,12,22,30,33,37,13 November 2004
7,13,14,21,25,34,20,10 November 2004
3,17,25,30,42,46,49,6 November 2004
9,15,17,30,37,41,36,3 November 2004
7,19,25,36,46,47,41,30 October 2004
5,6,16,18,20,34,49,27 October 2004
1,9,18,20,46,49,37,23 October 2004
7,12,16,17,18,22,47,20 October 2004
3,18,33,40,44,45,35,16 October 2004
5,6,11,31,34,46,43,13 October 2004
12,23,25,27,30,43,31,9 October 2004
7,11,27,32,35,37,29,6 October 2004
1,11,14,25,41,45,7,2 October 2004
11,14,18,27,45,46,10,29 September 2004
3,5,30,35,37,46,40,25 September 2004
5,13,25,28,32,34,3,22 September 2004
8,32,35,38,44,48,22,18 September 2004
1,17,32,37,40,46,43,15 September 2004
5,9,15,19,42,49,30,11 September 2004
5,6,16,18,32,41,44,8 September 2004
2,25,32,33,34,37,23,4 September 2004
3,7,13,23,40,49,10,1 September 2004
15,30,35,38,40,43,6,28 August 2004
8,14,29,31,40,42,24,25 August 2004
3,4,21,28,30,49,42,21 August 2004
6,7,12,22,28,30,43,18 August 2004
8,20,21,24,43,49,29,14 August 2004
4,7,31,36,47,48,44,11 August 2004
1,15,18,19,20,34,11,7 August 2004
5,9,17,22,23,30,16,4 August 2004
6,8,28,36,41,48,3,31 July 2004
10,12,20,38,45,47,40,28 July 2004
7,17,20,24,27,36,2,24 July 2004
5,10,18,24,26,44,43,21 July 2004
5,29,30,33,34,35,49,17 July 2004
2,12,18,19,22,32,43,14 July 2004
4,5,8,17,44,49,19,10 July 2004
2,10,23,28,33,37,27,7 July 2004
6,9,24,37,40,41,22,3 July 2004
5,7,23,24,25,49,34,30 June 2004
1,8,9,23,29,42,48,26 June 2004
2,4,14,15,29,47,19,23 June 2004
13,16,32,38,41,46,24,19 June 2004
1,16,24,31,38,41,43,16 June 2004
3,6,9,15,40,41,47,12 June 2004
3,6,8,26,30,47,14,9 June 2004
10,14,23,26,34,43,5,5 June 2004
9,16,19,41,43,49,15,2 June 2004
2,7,8,14,35,49,17,29 May 2004
5,6,9,18,25,43,36,26 May 2004
14,16,29,38,41,45,36,22 May 2004
6,8,11,35,45,49,28,19 May 2004
12,19,21,37,41,43,30,15 May 2004
1,3,7,12,36,49,25,12 May 2004
3,10,13,14,18,41,15,8 May 2004
29,35,36,42,44,49,12,5 May 2004
6,10,28,31,44,49,25,1 May 2004
8,19,34,41,47,48,28,28 April 2004
2,7,10,12,22,47,5,24 April 2004
9,31,33,34,45,46,11,21 April 2004
2,3,12,31,36,45,15,17 April 2004
1,4,10,19,32,35,28,14 April 2004
5,25,29,31,40,41,36,10 April 2004
16,31,34,35,37,49,25,7 April 2004
31,35,42,43,45,48,27,3 April 2004
1,7,10,22,26,29,38,31 March 2004
5,8,17,19,21,42,24,27 March 2004
2,8,17,28,31,42,7,24 March 2004
6,32,34,37,38,42,27,20 March 2004
1,6,8,23,42,48,45,17 March 2004
1,15,16,18,32,36,13,13 March 2004
9,14,29,31,37,38,16,10 March 2004
1,28,32,38,39,46,43,6 March 2004
2,8,10,31,39,45,24,3 March 2004
16,20,24,25,29,43,13,28 February 2004
3,4,7,12,13,36,47,25 February 2004
10,16,25,32,35,45,39,21 February 2004
11,22,25,41,42,49,8,18 February 2004
2,8,17,26,41,45,9,14 February 2004
4,11,24,27,29,33,21,11 February 2004
4,15,18,20,26,36,19,7 February 2004
2,4,11,37,41,47,21,4 February 2004
20,23,28,34,38,49,31,31 January 2004
6,14,15,17,18,36,44,28 January 2004
4,6,12,17,41,44,34,24 January 2004
4,13,21,28,33,44,16,21 January 2004
9,11,22,36,38,42,3,17 January 2004
6,13,20,22,29,48,40,14 January 2004
5,15,19,37,38,46,12,10 January 2004
2,15,25,29,36,45,19,7 January 2004
13,22,29,35,40,48,33,3 January 2004
14,17,21,25,40,48,7,31 December 2003
2,22,42,43,44,48,4,27 December 2003
2,5,9,42,47,48,22,24 December 2003
6,11,31,36,41,49,1,20 December 2003
4,6,13,14,41,44,8,17 December 2003
9,16,19,22,33,39,18,13 December 2003
9,11,26,36,38,40,6,10 December 2003
11,26,28,34,42,48,29,6 December 2003
4,20,22,37,41,46,16,3 December 2003
4,5,21,36,44,47,6,29 November 2003
9,17,21,28,38,39,32,26 November 2003
